iteration,matches,theta_deg,tx,ty,target_centroid_x,target_centroid_y,source_centroid_x,source_centroid_y,centroid_distance,rmse_source_to_target,rmse_target_to_source,symmetric_chamfer_rmse,median_distance,p95_distance,max_distance,coverage,match_rmse,profile_score,score_variation,transform_step
0,0,0.0000000000,0.0000000000,0.0000000000,4860.4952257433,5000.2486525847,5453.5731904657,4524.8085111591,760.1215694335,485.5985988508,393.9437909051,442.1525243615,154.7506061904,965.8887175257,14142.1356237310,0.8022500000,0.0000000000,0.0447020827,0.0000000000,0.0000000000
1,81634,-0.2954985769,-39.0823212485,31.0382833630,4860.4952257433,5000.2486525847,5437.7545880366,4527.6603572665,746.0348974592,411.8258439293,385.6107090078,398.9336690664,152.6415905482,941.7963381299,14142.1356237310,0.8039000000,159.4015527862,0.0413970286,0.0739351255,0.0061077361
2,81825,-0.5876750510,-77.4774931648,61.2007590975,4860.4952257433,5000.2486525847,5422.2183673081,4529.8356791509,732.6808673250,403.7498647674,377.4244083590,390.8088646160,150.5331160821,920.5482932177,14142.1356237310,0.8060500000,158.4382833591,0.0405864501,0.0195805977,0.0060024181
3,82026,-0.8734837330,-115.0088582836,90.4837856261,4860.4952257433,5000.2486525847,5406.9093878643,4531.6290758955,719.8421661884,395.9333061654,369.3735489615,382.8837954285,149.2155167780,899.2688038548,14142.1356237310,0.8091000000,157.6066533363,0.0397991047,0.0193992165,0.0058607071
4,82211,-1.1363984736,-149.5958232325,117.6578418297,4860.4952257433,5000.2486525847,5392.6434227627,4533.4178836089,707.8931207841,362.4855832965,361.8950669406,362.1904454660,148.2699207409,880.5406898945,1473.7071505808,0.8133000000,156.8146598330,0.0381246327,0.0420731093,0.0054050820
5,82419,-1.3867885746,-182.0572458460,144.0041059328,4860.4952257433,5000.2486525847,5379.4264686611,4535.5017433790,696.6199282912,355.4088047638,354.8571497939,355.1330843948,147.4429679389,861.8784969531,1447.5281075656,0.8183500000,156.4095714985,0.0374263181,0.0183166239,0.0051411168
6,82739,-1.6508008680,-215.8277396192,171.7092005468,4860.4952257433,5000.2486525847,5365.8323717819,4537.5336366891,685.1794050478,348.1457881855,347.5274963442,347.8367796442,146.4944163834,845.0967046607,1420.2382713593,0.8241000000,156.7766383353,0.0367081497,0.0191888618,0.0053923973
7,83176,-1.9458318258,-252.7310661763,202.0285565098,4860.4952257433,5000.2486525847,5351.3357196386,4539.0538119756,673.5169422159,340.4185360321,339.5173024792,339.9682178947,145.9639315889,826.6601542739,1390.3538652900,0.8293500000,157.6590641460,0.0359455932,0.0207734933,0.0059520203
8,83789,-2.2881324135,-294.7440379448,236.6893925816,4860.4952257433,5000.2486525847,5335.1331538498,4540.1572281457,661.0334950965,331.8306814057,330.3776971770,331.1049863066,144.6417371284,806.6593546026,1356.2474677257,0.8346500000,159.2083577726,0.0350981898,0.0235746108,0.0068391345
9,84406,-2.6563872486,-339.3789734150,273.8687917279,4860.4952257433,5000.2486525847,5318.0412481035,4541.0633084540,648.2280022045,322.8846890476,320.6974291226,321.7929174696,142.6647459306,784.7406830866,1319.9048114047,0.8389500000,160.2496291289,0.0342133558,0.0252102453,0.0073223601
10,84859,-3.0353753651,-384.4699421585,312.2391134061,4860.4952257433,5000.2486525847,5301.0520541164,4541.9190346646,635.7329295301,313.9907294565,310.9155401281,312.4569180525,139.8647304038,762.8316698297,1283.1497860340,0.8428000000,160.1220038198,0.0333323172,0.0257513066,0.0074941934
11,85171,-3.4194451260,-429.3129639903,351.1346382042,4860.4952257433,5000.2486525847,5284.4338206360,4542.6081604390,623.8258990222,305.2467397683,301.2121416535,303.2361508945,137.3310890620,739.3213564066,1246.5586169197,0.8483000000,159.1641421805,0.0324698219,0.0258756463,0.0075488621
12,85466,-3.7947806509,-472.1211524828,389.6586486111,4860.4952257433,5000.2486525847,5268.9605131013,4543.6126584093,612.6665668640,297.0411801254,292.0109138391,294.5367858956,135.0598906034,718.7724221699,1211.6634510033,0.8556000000,158.1793453106,0.0316574130,0.0250204324,0.0073444868
13,85855,-4.1654469430,-513.3375566933,427.7232317875,4860.4952257433,5000.2486525847,5254.4971535187,4544.4495236481,602.4868173081,289.3613645587,283.2594652207,286.3266700261,133.0580666006,694.7296730112,1178.1020378860,0.8627000000,157.9601177699,0.0308969159,0.0240227182,0.0071970595
14,86506,-4.5659739539,-557.5681399458,468.3933770333,4860.4952257433,5000.2486525847,5238.9034444358,4544.6992755007,592.2145007813,281.3603141561,274.0206107609,277.7147110830,130.2776497761,669.4906977562,1141.9816365377,0.8693500000,159.2197627308,0.0301063678,0.0255866339,0.0077418989
15,87238,-5.0183755167,-607.6196077510,513.1821752902,4860.4952257433,5000.2486525847,5220.8570428288,4543.5931394561,581.7171966547,272.5758223529,263.8567405502,268.2517087225,128.0239554200,638.1738783669,1100.9564024853,0.8766500000,160.3761553626,0.0292516646,0.0283894488,0.0087035491
16,87953,-5.5112317781,-662.4659014358,561.3777634609,4860.4952257433,5000.2486525847,5200.4641394090,4541.5038849026,570.9865358612,263.2676904394,253.1130544952,258.2402904130,125.4245849716,604.1218805300,1055.8995035094,0.8833500000,160.5709551505,0.0283540573,0.0306856812,0.0094790351
17,88475,-5.9879415903,-715.6618585110,607.4498972081,4860.4952257433,5000.2486525847,5180.1801402253,4538.6583287673,561.4838124017,254.6424717056,243.0786027791,248.9276958530,123.2656708294,572.9861799315,1027.2221616297,0.8942500000,159.0779191538,0.0275275715,0.0291487695,0.0091590401
18,89279,-6.4747255924,-768.9118973501,653.7912179616,4860.4952257433,5000.2486525847,5160.1163970989,4534.7673954261,553.5753309988,246.5969642950,233.4591414733,240.1179226307,120.6888891221,541.9366195146,1027.6119616457,0.9047000000,159.2225260148,0.0267648229,0.0277085307,0.0092667427
19,90366,-7.0283221577,-827.5529799036,706.1725073758,4860.4952257433,5000.2486525847,5138.6962916739,4529.6816594276,546.6526576664,238.3636975644,223.2102105940,230.9112929568,119.0570206405,508.0662744415,1025.1985965288,0.9128000000,160.3568139141,0.0259914391,0.0288955306,0.0104201554
20,91093,-7.6203671963,-887.4130975925,761.0441831537,4860.4952257433,5000.2486525847,5118.0257917037,4522.7002484197,542.5628726004,230.0890032232,213.0777166425,221.7465475874,117.0227619781,476.0684789594,1024.5670958856,0.9253000000,158.6520523253,0.0252710959,0.0277146342,0.0109393861
21,92140,-8.2452414658,-947.2692635616,817.9861920067,4860.4952257433,5000.2486525847,5098.8367102878,4513.9238483269,541.5888463505,222.7528032031,203.3426460126,213.2686604054,112.5934384288,449.1027884252,1017.2220156343,0.9404500000,158.2102150149,0.0246544002,0.0244032023,0.0113227268
22,93381,-8.9340622154,-1009.9660478175,880.5271389285,4860.4952257433,5000.2486525847,5080.1351947470,4503.5120218306,543.1288947541,216.2113932874,193.6718544057,205.2512530732,107.5786549214,431.6170952659,1013.9453098723,0.9476000000,158.0664328879,0.0241147084,0.0218902848,0.0122933281
23,93846,-9.6357584415,-1070.7767084814,944.0859636375,4860.4952257433,5000.2486525847,5063.2370812243,4492.2160957105,546.9929970374,210.7203421139,184.4463093381,198.0195742964,101.6949817515,417.6300731032,1012.4493337576,0.9508000000,152.9235304041,0.0236716598,0.0183725459,0.0123539316
24,93936,-10.2903915554,-1124.8582737883,1003.8938265130,4860.4952257433,5000.2486525847,5049.2934369547,4481.7097013334,551.8400207682,205.9537465558,175.9929902201,191.5600145216,95.0089407584,410.3297005760,971.0005518658,0.9519000000,145.8413516045,0.0233005840,0.0156759505,0.0114075199
25,93930,-10.9046444997,-1174.5946779646,1061.0867585921,4860.4952257433,5000.2486525847,5036.4862583689,4472.5125908122,556.3076437186,200.2404995308,168.1936853942,184.9126462128,88.0414117585,406.2169469983,933.2955954237,0.9526000000,139.1979494862,0.0229095213,0.0167833887,0.0107036778
26,93940,-11.4593020011,-1219.2674165063,1113.4825450811,4860.4952257433,5000.2486525847,5024.5466212572,4464.6224807225,560.1859123129,193.8916319886,161.1086892536,178.2553992285,82.1922340258,403.7592461548,900.0076176005,0.9532500000,133.3151210264,0.0225073416,0.0175551332,0.0096942160
27,93952,-11.9549806523,-1258.6931425222,1159.9392725837,4860.4952257433,5000.2486525847,5013.8783439368,4456.9378400212,564.5467385391,187.4781326932,155.0162645048,172.0146687046,75.5767410930,403.3145302576,871.9245326946,0.9538500000,128.4196852436,0.0221431445,0.0161812554,0.0086288980
28,93941,-12.4574197636,-1298.8208550453,1206.1743890206,4860.4952257433,5000.2486525847,5002.4211798272,4448.0413548875,570.1542563839,180.3399235409,149.3245111656,165.5601063928,69.0789010113,397.9352626542,845.2410564413,0.9549000000,123.8391813375,0.0217858659,0.0161349545,0.0087302387
29,94062,-13.0084395089,-1342.8742558048,1256.6051261969,4860.4952257433,5000.2486525847,4989.2532909500,4437.7233789583,577.0730654122,171.8616850603,143.6442975050,158.3826426688,62.2617921588,380.4350491237,817.8494265416,0.9582500000,119.4053657734,0.0214006510,0.0176818727,0.0095770140
30,94642,-13.6646333561,-1396.6269371830,1318.6980434258,4860.4952257433,5000.2486525847,4971.5170702061,4427.0890271306,583.8131603506,160.8252541253,137.1690871277,149.4659172319,54.2013164105,356.5540423617,785.4967476796,0.9620000000,116.6022974984,0.0208892925,0.0238945316,0.0115767901
31,95328,-14.4639369791,-1463.6058996267,1398.0825663891,4860.4952257433,5000.2486525847,4947.2805863559,4417.3353001410,589.3383368438,145.9877199147,128.8692527755,137.6947687401,45.0219783000,316.2690608966,746.7278760207,0.9653000000,110.6698299415,0.0201546188,0.0351698675,0.0143629561
32,95969,-15.2796127630,-1531.4155936838,1482.2874652882,4860.4952257433,5000.2486525847,4921.8025740874,4409.9704886995,593.4533694576,131.2185082625,120.8966601437,126.1631866761,34.2646488544,287.8729090120,708.2671377817,0.9678500000,99.0401278686,0.0194119570,0.0368482186,0.0147840013
33,96451,-15.9750000878,-1587.5470957739,1556.0563967989,4860.4952257433,5000.2486525847,4900.7276185524,4405.2043111510,596.4028954519,120.9414501017,115.5484526163,118.2756933075,23.1503478941,274.0802117655,679.3971548410,0.9690000000,85.2727198719,0.0189063678,0.0260452492,0.0126135926
34,96713,-16.4731318655,-1625.5420305540,1609.6622096936,4860.4952257433,5000.2486525847,4887.2577657217,4402.2938395466,598.5534161472,115.8398005086,113.0323394587,114.4446790930,15.4739351316,268.9960659325,661.8481137380,0.9697000000,74.4294706837,0.0186734904,0.0123174066,0.0089567112
35,96833,-16.8207701702,-1650.3135132893,1647.5570957051,4860.4952257433,5000.2486525847,4879.3104044915,4400.6215880060,599.9221845595,113.4705799718,111.9255715643,112.7007233542,11.0641241859,266.3088606933,651.0982338636,0.9699500000,68.7400424513,0.0185743707,0.0053080413,0.0061820466
36,96887,-17.0725376453,-1667.1448752268,1675.2618256521,4860.4952257433,5000.2486525847,4874.5134015395,4399.6075446161,600.8046686190,112.2513057290,111.3868274110,111.8199019820,8.5504578744,265.1825166106,644.0244998513,0.9703000000,65.9851524826,0.0185276875,0.0025133134,0.0044322093
37,96923,-17.2652361058,-1679.3010988879,1696.7358931211,4860.4952257433,5000.2486525847,4871.4827445119,4399.0651927211,601.2838580756,111.5369631950,111.0728105642,111.3051288248,7.3247110491,263.8920147796,638.8601727235,0.9703000000,64.6761174239,0.0184997585,0.0015074200,0.0033681799
38,96947,-17.4182279268,-1688.4514561279,1713.9931306091,4860.4952257433,5000.2486525847,4869.5248145116,4398.8208420559,601.4955899678,111.0711134365,110.8836236452,110.9774081350,6.4449453133,264.4414379112,634.8519191748,0.9706000000,63.9708723147,0.0184803280,0.0010503070,0.0026591929
39,96969,-17.5455733833,-1695.8382673115,1728.5161149129,4860.4952257433,5000.2486525847,4868.0890917870,4398.7614652321,601.5351222919,110.7411917796,110.7469724813,110.7440821682,5.9788183344,264.5865327257,631.5365629714,0.9707500000,63.6250035089,0.0184645283,0.0008549522,0.0022102536
40,96986,-17.6519884067,-1701.8312388374,1740.7568356706,4860.4952257433,5000.2486525847,4867.0442229085,4398.8064541869,601.4778527738,110.4942026130,110.6501594457,110.5722085255,5.6918397101,263.8289126073,628.7824888356,0.9705500000,63.4157980290,0.0184513626,0.0007130263,0.0018436780
41,96995,-17.7431551001,-1706.7826405356,1751.3315775447,4860.4952257433,5000.2486525847,4866.3138834233,4398.9257105534,601.3510932810,110.3057290376,110.5799545783,110.4429269194,5.5276114293,263.9797817903,626.4215277007,0.9705500000,63.2281337508,0.0184399802,0.0006168868,0.0015752354
42,96997,-17.8233122130,-1711.0236110844,1760.6546811200,4860.4952257433,5000.2486525847,4865.7704780359,4399.0504277312,601.2213684274,110.1572724954,110.5372289786,110.3474142739,5.5194535229,262.7760608766,624.3815711261,0.9705000000,63.0264560368,0.0184309332,0.0004906186,0.0013811013
43,97008,-17.8929286487,-1714.6663602866,1768.7725809318,4860.4952257433,5000.2486525847,4865.3286192018,4399.1753402694,601.0927453147,110.0461908297,110.5161422109,110.2814168509,5.4542611177,261.2237745230,623.5054326933,0.9704000000,63.0047939882,0.0184239927,0.0003765669,0.0011988334
44,97009,-17.9530614210,-1717.7370484295,1775.8103161740,4860.4952257433,5000.2486525847,4865.0149534764,4399.3058255711,600.9598233475,109.9595621975,110.5077999507,110.2340219002,5.4868758260,262.0328941554,623.6655758494,0.9703000000,62.8859358199,0.0184182916,0.0003094378,0.0010333518
45,97001,-18.0059527164,-1720.4109494123,1781.9800571810,4860.4952257433,5000.2486525847,4864.7600675558,4399.3977318571,600.8660564675,109.8958651072,110.5147502952,110.2057421382,5.3802906091,262.0110126879,623.8455963423,0.9702500000,62.6725867597,0.0184146343,0.0001985668,0.0009067067
